EMOTIONS,GOLDEN_PHRASES_GPT,GOLDEN_PHRASES_CLAUDE
tristeza,"[Hoje o dia só passou, não deixou nada; Acordei com aquele peso no peito que nem café resolve; Tanta mensagem e ainda assim uma solidão danada; O ônibus atrasou, a chuva caiu, eu também; Ver as notícias dá um nó na garganta, difícil manter esperança; Trabalhei o dia todo e parece que não rendi nada; Saudade bateu do nada e ficou; Fingi que tava tudo bem, mas foi só pose; Tem dias que a gente se perde da própria versão; Cansei de segurar, hoje o coração ficou quebrado demais.]",[cara que vontade de sumir por uns dias...;tudo que eu faço parece que não é o suficiente;acordei com aquele aperto no peito que não passa;saudade de quando as coisas eram mais simples;to tentando mas tá difícil demais hoje;parece que nada faz mais sentido sabe;cada dia mais cansado de tentar;me sinto tão sozinho ultimamente;ver todo mundo feliz enquanto eu to assim é foda;chega uma hora que a gente só quer parar de sentir]
otimismo,"[Hoje acordei com a sensação de que vai dar bom; Café forte, cabeça no lugar e dia seguindo; Pequenas vitórias também contam, e hoje já tive uma; Mesmo com trânsito e fila, tô sentindo que flui; As notícias nem sempre ajudam, mas sigo acreditando no amanhã; Dei um passo que eu tava adiando faz tempo, e foi libertador; Nem tudo resolvido, mas tudo encaminhando; Quando confio no processo, as coisas andam; O esforço de hoje é o alívio de amanhã, certeza; Pode vir o desafio, tô pronto pra fazer acontecer.]",[bom dia com aquela energia de segunda que promete;as coisas tão começando a se encaixar finalmente;acordei sentindo que hoje vai ser diferente;vai dar certo sim confia;tô com um pressentimento muito bom sobre esse projeto;cada dia mais perto dos meus objetivos;tem coisa boa vindo por aí eu sinto;to naquela vibe de que tudo vai se resolver;2026 vai ser nosso ano pode anotar;daqui a pouco a gente olha pra trás e vê como valeu a pena]
desprezo,"[Mais um dia ouvindo opinião de quem não leu nada… ok então;Gente que atrasa e ainda acha ruim quando cobram, incrível;Notícia de hoje: prometeram tudo de novo, ninguém caiu dessa vez;Reunião que podia ser um e-mail, mas insistem em gastar meu tempo;Ver gente defendendo isso com tanta convicção dá até preguiça;Amigo que só aparece quando precisa, transparência zero;Timeline cheia de especialista de assunto que começou ontem;Acordar cedo pra ver o mesmo erro sendo repetido, clássico;Esse serviço caro entregando o mínimo do mínimo, parabéns;Tem coisa que nem raiva dá mais, só aquele silêncio bem claro.]",[gente que fala demais e faz de menos me irrita profundamente;esse tipo de pessoa nem merece meu tempo sinceramente;que nojo desse comportamento velho;tem gente que é tão falsa que dá até pena;não consigo levar a sério quem age assim;esse povo não vale nem a raiva que dá;patético como sempre;gente assim deveria ter vergonha na cara;me poupe dessa sua opinião furada por favor;quanto mais eu conheço certas pessoas menos eu quero perto de mim]
alegria,"[Café quentinho, sol batendo na janela e a semana começando do jeito certo;Mensagem boa logo cedo muda completamente o humor do dia;Quando o salário cai antes do esperado dá até vontade de cantar;Notícia boa no meio de tanta coisa pesada, ainda bem que acontece;Treino rendendo, corpo leve e cabeça no lugar;Encontrar um amigo por acaso e rir como se fosse ontem;Projeto andando pra frente depois de tanto esforço, finalmente;Nada como chegar em casa e sentir que hoje valeu a pena;Tem dias que tudo encaixa sem esforço nenhum;É aquela sensação de que tá tudo certo, mesmo sem motivo grande.]",[que dia maravilhoso gente;acabei de receber a melhor notícia do ano;to nas nuvens hoje não tem como;consegui finalmente mano que sensação boa;sexta feira chegando e eu to voando já;que vibe boa acordar assim;deu tudo certo galera to muito feliz;to radiante demais hoje;melhor dia da semana disparado;não to acreditando ainda to muito empolgado com isso]
raiva,"[Acordei atrasado porque o ônibus simplesmente decidiu não passar, parabéns aos envolvidos;
Tentando trabalhar e a internet cai de novo… alguém acha isso normal mesmo?;
Gente que anda devagar ocupando a calçada inteira, sério, custa ter noção?;
O preço no mercado subiu de novo e o salário continua fazendo cosplay de estátua;
Prometeram retorno hoje e claro que sumiram, profissionalismo passou longe;
Notícia de corrupção todo dia, a paciência já foi de base faz tempo;
Fila enorme pra resolver algo simples, parece que o sistema foi feito pra testar limites;
Quando você explica três vezes e a pessoa ainda faz errado, dá um cansaço absurdo;
Esse calor infernal e ainda falta luz no bairro, tem como não surtar?;
Tem dias que tudo conspira pra dar errado, e hoje resolveu caprichar demais.]",[que absurdo cara to passando mal de nervoso;não é possível uma coisa dessas;to fervendo com isso;como pode uma situação dessa mano;que ódio que me dá isso;to puto demais pra falar agora;chega uma hora que a paciência acaba;que falta de respeito do caramba;não aguento mais essa palhaçada;to explodindo aqui ninguém merece isso]
agressividade,"[Hoje acordei meio sem paciência, qualquer coisinha já me tira do sério;
Trânsito parado e o pessoal ainda buzina como se fosse resolver algo, dá vontade de gritar;
Reunião que podia ser um e-mail, sério, quem inventou isso merece um puxão de orelha;
Pessoa falando besteira com convicção máxima, difícil manter a calma assim;
Quando alguém invade seu espaço na fila como se fosse normal, o sangue ferve;
Atendimento mal feito e ainda respondem torto, parece provocação;
Debate online virou competição de quem fala mais alto e menos pensa;
Gente que não respeita horário e acha ruim quando você cobra, me poupe;
Notícia absurda atrás de notícia absurda, a vontade é de bater na mesa;
Tem limite pra tudo, e quando passam dele, a resposta vem mais atravessada mesmo.]",[cala a boca vai;não enche meu saco hoje não;fica quieto aí before de falar besteira;vem falar merda aqui não que não to afim;se meter comigo vai se arrepender;para de ser idiota cara;some da minha frente agora;não me testa hoje que não vai dar certo;vai procurar o que fazer ao invés de me incomodar;respeita ou vai ter problema sério]
submissão,"[Hoje deixei rolar e segui o plano de outra pessoa, sem discutir muito;
No trabalho só concordei com tudo na reunião, melhor não comprar briga agora;
Às vezes é mais fácil abaixar a cabeça e tocar o dia do que tentar mudar tudo;
Vi a notícia e pensei “é isso, não tem o que fazer mesmo…”;
Na família eu só escuto, concordo e sigo, cansei de argumentar;
Aceitei aquela decisão sem questionar, mesmo não sendo o que eu queria;
Quando falam mais alto, eu fico quieto e deixo passar;
Já entendi meu lugar nessa história e não vou peitar ninguém;
Engoli seco, concordei e pronto, não vale o desgaste;
No fim das contas só restou aceitar e seguir as ordens, gostando ou não.]","[""aceito que eu tava errado dessa vez, falha minha mesmo""; ""pode mandar, eu faço do jeito que você quiser""; ""tá bom né, se todo mundo acha que é assim então deve ser assim""; ""eu só obedeço ordens aqui, não questiono mais nada""; ""desculpa, não vou mais contrariar, pode deixar""; ""manda aí o que eu tenho que fazer que eu faço sem reclamar""; ""concordo com tudo que você falou, tem razão mesmo""; ""eu só acato e pronto, nem adianta discutir""; ""tô aqui só pra cumprir o combinado, sem problemas""; ""pode falar que eu faço, não vou questionar não""]"
nojo,"[Abri a geladeira e vi aquilo ali… perdi até a fome;
Tem coisa na timeline hoje que dá vontade de fechar o app na hora;
O ônibus lotado de manhã cedo já começa testando o estômago;
Sério que alguém acha isso normal? Que situação deplorável;
Vi a notícia e fiquei com aquele gosto ruim que não sai;
Gente que age assim me dá uma sensação péssima, impossível defender;
Só de lembrar do que ouvi hoje já me embrulha tudo;
Tem atitudes que não dá nem pra comentar, é só virar o rosto;
Quanto mais detalhes aparecem, pior fica de engolir;
Isso aí ultrapassa qualquer limite do aceitável, repulsivo demais;]","[""que coisa mais asquerosa mano, nem consigo olhar""; ""acabei de ver uma barata no meu quarto, vou me mudar""; ""esse cara é tão repugnante que me dá até arrepios""; ""meu deus que fedorento, quase vomitei agora""; ""tirei o sapato e o cheiro me matou, que horror""; ""vi o vídeo e fiquei enjoado, muito nojento mesmo""; ""tem gente que é imunda demais, cruzes""; ""encontrei comida estragada na geladeira, que asco""; ""que pessoa desprezível cara, me dá até ânsia""; ""passei mal só de pensar nisso, que repulsa""]"
medo,"[Acordei com aquela sensação estranha de que esqueci algo importante… detesto isso;
Sair de casa hoje deu um aperto no peito, tudo parecia meio fora do lugar;
Quando o chefe chama pra conversar sem avisar, o coração já dispara sozinho;
Notícia passando na TV e eu só pensando onde isso tudo vai parar…;
Andar na rua vazia à noite faz qualquer barulho parecer coisa séria;
Abri o app do banco e fiquei encarando a tela por segundos antes de olhar o saldo;
Esse silêncio antes da resposta já diz tudo, tá me deixando tenso demais;
Quando o avião começa a tremer, a cabeça viaja pra mil cenários nada bons;
Ler certos comentários por aqui dá um nó no estômago, galera passa do limite;
Tem dias que a gente sente que tá por um fio, como se qualquer passo em falso fosse dar ruim.]","[""escutei um barulho estranho aqui em casa e tô meio nervoso""; ""cara tô tremendo aqui, acho que alguém tá me seguindo""; ""não vou conseguir dormir depois desse filme, que angústia""; ""voltando sozinho pra casa de madrugada, que tensão""; ""acabei de ver as notícias e tô apavorado com tudo isso""; ""meu coração tá acelerado, aconteceu uma parada muito estranha""; ""tô com um pressentimento horrível sobre amanhã""; ""gente eu tô em pânico, não sei o que fazer agora""; ""que susto, achei que ia acontecer o pior""; ""tô gelado aqui, essa situação tá muito sinistra""]"
decepção,"[Criei expectativa à toa, de novo… devia aprender;
Promessa bonita no começo e zero entrega no final, clássico;
Esperar algo simples e nem isso acontecer cansa mais do que parece;
Quando a pessoa mostra quem é, a ficha cai meio tarde;
Notícia de hoje conseguiu estragar o resto do dia sem muito esforço;
Confiei, dei espaço, e no fim fiquei falando sozinho;
Nada como abrir a mensagem e perceber que era melhor nem ter lido;
Trabalhar tanto pra ver tudo ir por água abaixo dá um vazio estranho;
Algumas atitudes falam mais alto que qualquer pedido de desculpa;
Tem coisa que não dói pelo que foi, mas pelo que achei que seria.]","[""esperava mais dessa pessoa, mas enfim""; ""que frustração cara, não era pra ter sido assim""; ""confiava tanto e no final deu nisso""; ""achei que ia ser diferente dessa vez, mas não""; ""promessa é dívida né, pelo visto não pra todo mundo""; ""me sinto um palhaço por ter acreditado""; ""era só isso que você tinha pra oferecer""; ""depois de tudo que eu fiz, é assim que você retribui""; ""não acredito que caí nessa de novo, que raiva""; ""desabou tudo que eu tinha construído na minha cabeça""]"
amor,"[acordei com aquela vontade boa de mandar mensagem só pra dizer “pensei em você” e seguir o dia leve;
café quente, conversa tranquila e essa sensação de que tá tudo certo mesmo quando nada tá perfeito;
engraçado como certas pessoas viram casa, mesmo quando a gente tá longe;
no meio do caos das notícias, ainda tem gente se cuidando de verdade, e isso dá um quentinho no peito;
rir junto de besteira boba numa terça qualquer vale mais que mil planos mirabolantes;
tem presença que acalma mais que silêncio, e olha… faz falta quando não tá;
chegar cansado e ainda assim querer ficar ali, só pela companhia, é coisa rara;
quando o apoio vem sem cobrança, sem drama, só firme do lado, dá vontade de proteger o mundo inteiro;
tem conexão que não precisa de explicação, só acontece e pronto;
é intenso quando até o futuro parece menos assustador só porque tem alguém junto;]","[""acordei pensando nela de novo, que dia bom""; ""meu cachorro é a melhor coisa que me aconteceu na vida""; ""ela me olhou daquele jeito e eu derretei tudo""; ""não consigo parar de sorrir quando tô perto de você""; ""minha mãe fez aquele bolo que eu adoro, que mulher incrível""; ""to completamente apaixonado, não tem jeito""; ""cada dia ao seu lado é um presente""; ""você é tudo que eu sempre quis e nem sabia""; ""meu coração dispara toda vez que você aparece""; ""nunca imaginei que alguém pudesse me fazer tão feliz assim""]"
remorso,"[falei sem pensar e agora tô aqui revendo a cena inteira na cabeça, que vacilo;
ignorei a mensagem achando que dava pra responder depois… e agora o peso tá aqui;
era só ter ouvido mais e falado menos, não custava nada;
tem decisão pequena que estraga o clima do dia inteiro, impressionante;
vi a notícia e bateu aquele incômodo de saber que já pensei parecido um dia;
o silêncio depois da discussão diz mais do que eu queria admitir;
queria muito ter escolhido outras palavras naquela hora;
a rotina segue, mas a consciência fica cutucando sem parar;
tem erro que a gente só entende quando já é tarde demais;
o pior não foi o que aconteceu, foi saber que dava pra ter sido diferente;]","[""não devia ter falado aquilo, me arrependo demais""; ""fico pensando no que fiz e bate uma culpa danada""; ""se eu pudesse voltar no tempo, faria tudo diferente""; ""machucei alguém que não merecia e isso me corrói""; ""que burrada a minha, não consigo me perdoar""; ""devia ter dado mais atenção quando tive a chance""; ""me sinto péssimo por ter agido daquele jeito""; ""não me perdoo por ter deixado isso acontecer""; ""carrego isso comigo todo dia, é um peso horrível""; ""destruí tudo com as minhas próprias mãos e agora é tarde""]"
confianca,"[Acordei sabendo que hoje vai render, simples assim.;
Pode até dar errado, mas eu sei exatamente o que tô fazendo.;
Anos de erro e acerto pra chegar aqui… agora é execução.;
Quando eu falo que vai dar bom, pode anotar.;
Enquanto uns duvidam, eu sigo tranquilo fazendo o meu.;
Não preciso provar nada pra ninguém, os resultados falam.;
Tem decisão que você toma com o peito estufado e vai sem olhar pra trás.;
Do zero até aqui, cada passo foi calculado.;
O plano tá claro, a mente tá no lugar, é só avançar.;
Se depender de mim, isso aqui vai acontecer, custe o que custar.]","[Vai dar tudo certo, pode confiar; Eu sei que consegui, só falta confirmar; Tô tranquilo, sei exatamente o que tô fazendo aqui; Manda vir que eu resolvo isso fácil; Pode deixar comigo que eu dou conta; Acredita que vai funcionar sim, sempre funciona; Eu tenho certeza absoluta que esse projeto vai bombar demais; Relaxa, eu já passei por coisa pior e sempre me virei bem; Tô de boa, sei que tomei a decisão certa; Conheço meu potencial, vai sair melhor do que o esperado]"
antecipacao,"[Hoje o dia tá com cara de promessa, só esperando a hora certa.;
Já deixei tudo pronto, agora é aquela espera que não passa.;
Contando os minutos como se isso adiantasse alguma coisa.;
Tem notícia pra sair hoje e eu já tô com o coração acelerado.;
Quando você sabe que algo grande vem aí, mas ainda não pode falar nada…;
A semana mal começou e minha cabeça já tá no que vem depois.;
Esse silêncio antes da resposta tá me tirando do sério.;
Tudo encaminhado, só falta o sinal verde.;
Tem coisa pra acontecer hoje que vai mudar o rumo disso tudo.;
Se isso sair do jeito que eu imagino, ninguém vai me segurar depois.;]",[Ansioso pra saber o resultado amanhã; Falta só uma semana pro show e eu já tô contando os dias; Será que vai sair a promoção hoje; Mal posso esperar pra chegar em casa e assistir o episódio novo; Gente eu não aguento mais essa espera pelo resultado da entrevista; Sexta-feira tá chegando finalmente; Quero logo que chegue o fim de semana pra descansar um pouco; A BLACK FRIDAY VEM AÍ E EU JÁ TO PREPARADO; Faltam poucas horas pro jogo decisivo e eu tô nervoso demais; Amanhã sai o edital e eu mal consigo dormir pensando nisso]
surpresa,"[Acordei achando que ia ser mais um dia comum e do nada tudo mudou…;
Quando vi o extrato do banco tive que conferir duas vezes, sério mesmo;
Abri a porta de casa e dei de cara com aquilo, não tava nos planos;
O café acabou ficando bom demais hoje, alguém mexeu no universo;
Essa notícia saiu agora e eu fiquei parado olhando pra tela;
Encontrei aquela pessoa na rua depois de anos, que mundo pequeno;
O jogo virou em cinco minutos e eu ainda tô tentando entender;
Do nada a entrega chegou antes do prazo, isso existe?;
Achei que já tinha visto de tudo, mas hoje foi diferente;
Isso acabou de acontecer e minha cabeça simplesmente travou;]",[Gente olha quem eu encontrei no mercado hoje; Não acredito que isso aconteceu de verdade; Acabei de ver a notícia e fiquei sem palavras; Puts nem imaginava que ele ia fazer isso; COMO ASSIM ELE VOLTOU; Espera o que acabou de acontecer aqui; Eu hein não esperava por essa reviravolta; MANO QUE ISSO ALGUEM ME EXPLICA; Caramba nem sabia que existia isso; Olha só quem decidiu aparecer depois de tanto tempo]
intimidação,"[Entrei na reunião e o clima tava pesado demais, fiquei na minha;
Quando ele chegou falando alto assim, deu até um gelo estranho;
Esse olhar atravessado já diz tudo, melhor medir as palavras;
Tem gente que fala manso mas faz a sala inteira ficar tensa;
Na entrevista senti que qualquer resposta errada ia dar ruim;
O jeito como soltaram aquela “sugestão” não foi nada tranquilo;
Postaram isso agora e parece mais aviso do que opinião;
O silêncio depois daquela frase foi ensurdecedor;
Do nada começaram a pressionar e o ar ficou difícil de respirar;
Isso aí não foi conversa, foi recado bem dado;]","[Esse desafio tá meio pesado não vou mentir; A apresentação é amanhã e eu ainda não me sinto preparado; Olhando pra quantidade de coisa que tenho que fazer e bateu aquele frio na barriga; Vai ter gente muito boa nessa competição, me senti meio pequeno; Nunca fiz nada parecido com isso antes tô meio receoso; Caramba esse processo seletivo tá assustador demais; A prova parece impossível de passar sinceramente; Entrei na sala e vi o nível das pessoas... acho que não deveria estar aqui; Me sinto totalmente perdido nesse ambiente novo; Olhei o edital e pensei sério que eu me meti nisso]"